question	passage	label
is santa fe college a 4 year college	Santa Fe College -- The college has more than 50 accredited technology and applied sciences programs, most which are two-year degrees.	0
has fathers day always been on a sunday	Father's Day -- Father's Day is a celebration honoring fathers and celebrating fatherhood, paternal bonds, and the influence of fathers in society. In Catholic Europe, it has been celebrated on March 19 (St. Joseph's Day) since the Middle Ages. This celebration was brought by the Spanish and Portuguese to Latin America, where March 19 is often still used for it, though many countries in Europe and the Americas have adopted the U.S. date, which is the third Sunday of June. It is celebrated on various days in many parts of the world, most commonly in the months of March, April and June. It complements similar celebrations honoring family members, such as Mother's Day, Siblings Day, and Grandparents' Day.	0
do i need a visa for bhutan from india	Visa policy of Bhutan -- Citizens of India do not need a visa to enter Bhutan, because the 1949 Treaty between Bhutan and India allows for free movement of people between the two nations on a reciprocal basis.	0
is eddie and the cruisers a real story	Eddie and the Cruisers -- Eddie and the Cruisers is a 1983 American film directed by Martin Davidson with the screenplay written by the director and Arlene Davidson, based on the novel by P.F. Kluge. A sequel, Eddie and the Cruisers II: Eddie Lives!, followed in 1989.	0
did the original bible have chapters and verses	Chapters and verses of the Bible -- As the chapter and verse divisions did not appear in the original texts, they form part of the paratext of the Bible.	0
was parks and rec supposed to be a spin off of the office	Parks and Recreation -- Immediately after Ben Silverman was named co-chairman of NBC's entertainment division in 2007, he asked Greg Daniels to create a spin-off of The Office. Daniels co-created Parks and Recreation with Michael Schur, who had been a writer on The Office. The two spent months considering ideas for the new series and debating whether to make it a stand-alone show rather than a spin-off. According to Daniels, they eventually abandoned the original spin-off plan because they ``couldn't find the right fit''. They considered a series about a local government official trying to rebuild a political career following a humiliating public spectacle. They eventually abandoned the idea, though it did end up being incorporated into the backstory for Ben Wyatt late in the second season. After Amy Poehler agreed to play the lead, they decided the show would revolve around an optimistic bureaucrat in small-town government.	0
is red lobster still a part of darden	Darden Restaurants -- Darden Restaurants, Inc. is an American multi-brand restaurant operator headquartered in Orlando. As of April 2017, the firm owns two fine dining restaurant chains: Eddie V's Prime Seafood and The Capital Grille; and six casual dining restaurant chains: Olive Garden, LongHorn Steakhouse, Bahama Breeze, Seasons 52, Yard House and Cheddar's Scratch Kitchen (the latter having been acquired on April 24, 2017). Until July 28, 2014, Darden also owned Red Lobster. Darden has more than 1,500 restaurant locations and more than 150,000 employees, making it the world's largest full-service restaurant company. As of 2012, Darden is the only Fortune 500 company with its corporate headquarters in Greater Orlando.	0
is new york considered a new england state	New England -- New England is a geographical region comprising six states of the northeastern United States: Maine, Vermont, New Hampshire, Massachusetts, Rhode Island, and Connecticut. It is bordered by the state of New York to the west and by the Canadian provinces of New Brunswick and Quebec to the northeast and north, respectively. The Atlantic Ocean is to the east and southeast, and Long Island Sound is to the south. Boston is New England's largest city as well as the capital of Massachusetts. The largest metropolitan area is Greater Boston, which also includes Worcester, Massachusetts (the second-largest city in New England), Manchester (the largest city in New Hampshire), and Providence (the capital and largest city of Rhode Island), with nearly a third of the entire region's population.	0
is dim sum the same as yum cha	Yum cha -- Yum cha in Cantonese Chinese literally means ``drink tea''. The phrase dim sum is sometimes used in place of yum cha; in Cantonese, dim sum (點心) refers to the range of small dishes, whereas yum cha refers to the entire meal.	0
is never let me go a true story	Never Let Me Go (2010 film) -- Never Let Me Go is a 2010 British dystopian romantic drama film based on Kazuo Ishiguro's 2005 novel Never Let Me Go. The film was directed by Mark Romanek from a screenplay by Alex Garland. Never Let Me Go is set in an alternative history and centres on Kathy, Ruth and Tommy portrayed by Carey Mulligan, Keira Knightley and Andrew Garfield respectively, who become entangled in a love triangle. Principal photography began in April 2009 and lasted several weeks. The movie was filmed at various locations, including Andrew Melville Hall. The film was produced by DNA Films and Film4 on a US$15 million budget.	0
can i have a maid of honour and chief bridesmaid	Bridesmaid -- The principal bridesmaid, if one is so designated, may be called the chief bridesmaid or maid of honor if she is unmarried, or the matron of honor if she is married. A junior bridesmaid is a girl who is clearly too young to be married, but who is included as an honorary bridesmaid. In the United States, typically only the maid/matron of honor and the best man are the official witnesses for the wedding license.	0
does one electron count as a lone pair	Lone pair -- In chemistry, a lone pair refers to a pair of valence electrons that are not shared with another atom and is sometimes called a non-bonding pair. Lone pairs are found in the outermost electron shell of atoms. They can be identified by using a Lewis structure. Electron pairs are therefore considered lone pairs if two electrons are paired but are not used in chemical bonding. Thus, the number of lone pair electrons plus the number of bonding electrons equals the total number of valence electrons around an atom.	0
is love never dies still showing in london	Love Never Dies (musical) -- In December 2010, Lloyd Webber closed the London production for a few days to rework the show after a poor critical response. The musical was reviewed again (at Lloyd Webber's invitation), with critic Henry Hitchings noting that ``Some of the most obvious alterations stem from the recruitment of lyricist Charles Hart to adjust the cadences of the original clunky lines written by Glenn Slater.'' He further pointed out that ``There are also lots of bracing directorial touches; the show is credited to Jack O'Brien, but it is new choreographer Bill Deamer and producer Bill Kenwright who have added the zest.'' The London production closed on 27 August 2011 after a disappointing run of fewer than eighteen months. In 2012, Lloyd Webber stated that although he was, ``very, very proud'' of the London production, it did not completely work and also said, ``something just went slightly wrong; I had cancer just before the production, and it was just that crucial 5% off-beam''.	0
does vice president live in the white house	Number One Observatory Circle -- Number One Observatory Circle is the official residence of the Vice President of the United States.	0
is evaporated filled milk the same as evaporated milk	Filled milk -- Filled milk is any milk, cream, or skim milk that has been reconstituted with fats, usually vegetable oils, from sources other than dairy cows. Pure evaporated filled milk is generally considered unsuitable for drinking because of its particular flavor, but is equivalent to unadulterated evaporated milk for baking and cooking purposes. Other filled milk products with substituted fat are used to make ice cream, sour cream, whipping cream, and half-and-half substitutes among other dairy products. Coconut oil filled milk became a popular cost-saving product sold throughout the United States in the early 20th century. Coconut oil could be cheaply imported, primarily from the Philippines (at the time under American rule), and this product was able to undercut the market for evaporated and condensed milk. At the time, liquid milk was not widely available or very popular in cities because of the rarity of refrigeration and the problems of transportation and storage.	0
has the us ever been in the world cup final	United States at the FIFA World Cup -- The United States men's national soccer team has played in several World Cup finals, with their best result occurring during their first appearance at the 1930 World Cup, when the United States finished in third place. After the 1950 World Cup, in which the United States upset England in group play 1--0, the U.S. was absent from the finals until 1990. The United States has participated in every World Cup since 1990 until they failed to qualify for the 2018 competition after a loss to Trinidad and Tobago in 2017.	0
is the grand floridian modeled after the hotel del coronado	Disney's Grand Floridian Resort & Spa -- The Grand Floridian was inspired by the Victorian era beach resorts built along Florida's east coast during the late 19th century and early 20th century; its exterior is modeled after the Mount Washington Resort in Bretton Woods, New Hampshire and Hotel del Coronado in Coronado, California, with red gabled roofs and white walls. Additional design inspiration was taken from the former Belleview-Biltmore Hotel in Belleair, Florida. The resort's outer lodge buildings -- Sago Cay, Sugarloaf Key, Conch Key, Boca Chica and Big Pine Key--are named for islands in the Florida Keys. The hotel's main building features a five story lobby, a replica cage elevator, stained glass domes, and Italian marble floors with inlays of various Disney characters. During daytime hours, a grand pianist performs in the main lobby while a house orchestra plays on the second floor balcony every evening.	1
is mr stark in captain america related to iron man	Howard Stark -- Described as a sarcastic scientist and ruthless businessman, Howard worked alongside his father on various projects, and later founded Stark Industries. Howard was an inventive mechanical engineering prodigy, constantly creating new technology and looking for ways to improve it. He designed and built weaponry and devices that have revolutionized the industrial world, such as various technologies used by S.H.I.E.L.D. and its allies. Howard later had a wife and they had their child Tony. Howard's relationship with Tony was a difficult one, however, with Howard rarely expressing affection for the boy. Howard's one major weakness was his severe case of alcoholism, a problem Tony himself would inherit. In the comics, Howard and his wife died in a car crash, as the result of faulty brakes arranged by either business competitors Republic Oil & Gas or by the V-Battalion. Howard's death inspired his son to take both business and engineering seriously as Iron Man.	1
is the current movie a star is born a remake	A Star Is Born (2018 film) -- A Star Is Born is a 2018 American music-themed romantic drama film produced and directed by Bradley Cooper (in his directorial debut) and written by Cooper, Eric Roth and Will Fetters. A remake of the 1937 film of the same name, it stars Cooper, Lady Gaga, Andrew Dice Clay, Dave Chappelle, and Sam Elliott, and follows a hard-drinking musician (Cooper) who discovers and falls in love with a young singer (Gaga). It marks the fourth remake of the original 1937 film, after the 1954 musical, the 1976 rock musical and the 2013 Bollywood romance film.	1
is there a season 5 for the flash	The Flash (season 5) -- The fifth season of the American television series The Flash, which is based on the DC Comics character Barry Allen / Flash, premiered on The CW on October 9, 2018 and is set to consist of 22 episodes. The season follows Barry, a crime scene investigator with superhuman speed who fights criminals, including others who have also gained superhuman abilities, as he deals with the consequences of his future daughter's time traveling. It is set in the Arrowverse, sharing continuity with the other television series of the universe, and is a spin-off of Arrow. The season is produced by Berlanti Productions, Warner Bros. Television, and DC Entertainment, with Todd Helbing serving as showrunner.	1
is the anglican church the same as the church of england	Church of England -- The Church of England (C of E) is the state church of England. The Archbishop of Canterbury (currently Justin Welby) is the most senior cleric, although the monarch is the supreme governor. The Church of England is also the mother church of the international Anglican Communion. It traces its history to the Christian church recorded as existing in the Roman province of Britain by the third century, and to the 6th-century Gregorian mission to Kent led by Augustine of Canterbury.	1
can you have more than 1 kid in china	One-child policy -- On October 29, 2015, it was reported that the existing law would be changed to a two-child policy, citing a statement from the Communist Party of China . The new law became effective on January 1, 2016, following its passage in the standing committee of the National People's Congress on December 27, 2015.	1
does juice get killed in sons of anarchy	Juice Ortiz -- Juan Carlos ``Juice'' Ortiz is a fictional character on the FX television series Sons of Anarchy, played by Theo Rossi. Though Juice displays great technical prowess in some respects, he has also proven to be somewhat simple minded when it comes to other tasks, often garnering him hazing from the other members. His storyline grows after law enforcement see him as the Club's weak link; in seasons 5-6 the Club becomes aware of his betrayals. On his colors he wears the ``Men of Mayhem'' patch. He is one of three characters killed in the series' penultimate episode, ``Red Rose,'' along with Wayne Unser and Gemma Teller Morrow.	1
mri and mrsi are the same exact thing	Magnetic resonance spectroscopic imaging -- Magnetic resonance spectroscopic imaging (MRSI) is a noninvasive imaging method that provides spectroscopic information in addition to the image that is generated by MRI alone. Whereas traditional magnetic resonance imaging (MRI) generates a black-and-white image in which brightness is determined primarily by the T1 or T2 relaxation times of the tissue being imaged, the spectroscopic information obtained in an MRSI study can be used to infer further information about cellular activity (metabolic information). For example, in the context of oncology, an MRI scan may reveal the shape and size of a tumor, while an MRSI study provides additional information about the metabolic activity occurring in the tumor. MRSI can be performed on a standard MRI scanner, and the patient experience is the same for MRSI as for MRI. MRSI has broad applications in medicine, including oncology and general physiological studies.	1
is a floating charge holder a secured creditor	Floating charge -- A floating charge is a security interest over a fund of changing assets (e.g. stocks) of a company or other artificial person, which 'floats' or 'hovers' until the point at which it is converted into a fixed charge, at which point the charge attaches to specific assets of the business. This conversion of the floating charge into a fixed charge (called ``crystallisation'') can be triggered common law jurisdictions)) it is an implied term in security documents creating floating charges that a cessation of the company's right to deal with the assets (including by reason of insolvency proceedings) in the ordinary course of business leads to automatic crystallisation. Additionally, security documents will usually include express terms that a default by the person granting the security will trigger crystallisation.	1
can a black bear and brown bear mate	Ursid hybrid -- An ursid hybrid is an animal with parents from two different species or subspecies of the Ursidae (bear) family. Species and subspecies of bear known to have produced offspring with another bear species or subspecies include brown bears, black bears, grizzly bears and polar bears, all of which are members of the Ursus genus. Bears not included in Ursus, such as the giant panda, are probably unable to produce hybrids. Note all of the confirmed hybrids listed here have been in captivity (except grizzly/polar bear), but there have been hybrids in the wild.	1
did the king's speech win any awards	List of awards and nominations received by The King's Speech -- At the 83rd Academy Awards, the film received a total of twelve award nominations, more than any other film, and won four: Best Picture, Best Director (Hooper), Best Original Screenplay (Seidler), and Best Actor (Firth). At the 68th Golden Globe Awards, the film received seven nominations, more than any other nominee, but only Firth won an award, for Best Actor. Hooper also won for Best Director at the 63rd Directors Guild of America Awards. At the 17th Screen Actors Guild Awards, Firth won the Best Actor award and the cast won Best Ensemble. At the 64th British Academy Film Awards, it won seven awards out of fourteen nominations, more than any other film, consisting of Best Film, Outstanding British Film, Best Actor (Firth), Best Supporting Actor (Rush), Best Supporting Actress (Bonham Carter), Best Original Screenplay (Seidler), and Best Music (Alexandre Desplat).	1
true or false. you can ride an icebreaker to the north pole	Icebreaker -- Canada's largest and most powerful icebreaker, the 120-metre (390 ft) CCGS Louis S. St. Laurent, was delivered in 1969. Her original 3 steam turbine/9 generator/ 3 electric motor system produces 27,000*shaft horsepower. A multi-year mid-life refit project (1987--1993) saw the ship get a new bow, and a new propulsion system. The new power plant consists of 5 diesels/ 3 generators/ 3 electric motors giving about the same SHP. On 22 August 1994 Louis S. St-Laurent and USCGC Polar Sea became the first North American surface vessels to reach the North Pole. The vessel was originally scheduled to be decommissioned in 2000 however a refit extended the decommissioning date to 2017.	1
are best foods and hellman's the same	Hellmann's and Best Foods -- Hellmann's and Best Foods are brand names that are used for the same line of mayonnaise and other food products. The Hellmann's brand is sold in the United States east of the Rocky Mountains, and also in Latin America, Europe, Australia, the Middle East, Canada and South Africa. The Best Foods brand is sold in the United States west of the Rocky Mountains, and also in Asia, Australia, and New Zealand.	1
is the revolt of 1857 the first war of independence	Indian Rebellion of 1857 -- The Indian Rebellion of 1857 was a major uprising in India during 1857--58 against the rule of the British East India Company, which functioned as a sovereign power on behalf of the British Crown. The event is known by many names, including the Sepoy Mutiny, the Indian Mutiny, the Great Rebellion, the Revolt of 1857, the Indian Insurrection, and India's First War of Independence.	1
is it legal to fight in ice hockey	Fighting in ice hockey -- Fighting in ice hockey is an established tradition of the sport in North America, with a long history that involves many levels of amateur and professional play and includes some notable individual fights. Fighting is usually performed by enforcers, or ``goons''--players whose role is to fight and intimidate--on a given team, and is governed by a complex system of unwritten rules that players, coaches, officials, and the media refer to as ``the code''. Some fights are spontaneous, while others are premeditated by the participants. While officials tolerate fighting during hockey games, they impose a variety of penalties on players who engage in fights.	1
can i work in the uk if i have indefinite leave to remain	Indefinite leave to remain -- Indefinite leave to remain (ILR) or permanent residency (PR) is an immigration status granted to a person who does not hold the right of abode in the United Kingdom (UK), but who has been admitted to the UK without any time limit on his or her stay and who is free to take up employment or study, without restriction. When indefinite leave is granted to persons outside the United Kingdom it is known as indefinite leave to enter (ILE).	1
